[
    {
        "first_name": "AAAA",
        "last_name": "jnjashi",
        "email": "jnsnkas"
    },
    {
        "first_name": "BBB",
        "last_name": "jnjasbjsa",
        "email": "jbsja"
    },
    {
        "first_name": "Peter ",
        "last_name": "jnjasbjsa",
        "email": "jbsja"
    },
    {
        "first_name": "networj ",
        "last_name": "hkhas",
        "email": "jbsja"
    },
    {
        "first_name": "RRR ",
        "last_name": "kkk",
        "email": "jbsja"
    }
]